;Площадь помещения, м2;;;;;;;;;;;;;
;Минимальный выезд 75 000 руб.;;;;;;;;;;;;;
Толщина стяжки;Возможно без минимального выезда, если объект идёт 2ым объектом в этом же доме;;;;;;;;;;;;;
;0-39;40-49;;50-69;70-79;80-99;;100-119;;120-139;>140;;;
5 см;1525;1400;;1285;1180;1085;;1000;;935;860;;;
6 см;1597;1472;;1357;1252;1157;;1072;;1007;932;;;
7 см;1669;1544;;1429;1324;1229;;1144;;1079;1004;;;
8 см;1741;1616;;1501;1396;1301;;1216;;1151;1076;;;
9 см;1814;1689;;1574;1469;1374;;1289;;1224;1149;;;
10 см;1886;1761;;1646;1541;1446;;1361;;1296;1221;;;
11 см;1958;1833;;1718;1613;1518;;1433;;1368;1293;;;
12 см;2030;1905;;1790;1685;1590;;1505;;1440;1365;;;
13 см;2102;1977;;1862;1757;1662;;1577;;1512;1437;;;
14 см;2174;2049;;1934;1829;1734;;1649;;1584;1509;;;
15 см;2248;2123;;2008;1903;1808;;1723;;1658;1583;;;
Время;2 часа;;;4-6 часов;;;;7-10 часов;;;;;;
Если расстояние от МКАД более 5 км (направление Пушкино более 15 км) добавляем к стоимости расстояния от МКАД *80руб/км. ;;;;;;;При расстоянии более 200 км увеличение стоимости +50 руб/км (командировочные);;;;;;;
В пределах Третьего кольца +5% к стоимости.;;;;;;;;;;;;;;
В пределах Садового кольца +10% к стоимости;;;;;;;;;;;;;;
1;Пластификатор для теплого пола – 10 руб/см (5см – 50руб., 7см – 70руб.);;;;;;;;;;;;;
2;Наценка за шланги свыше 100 пог.м – 50 руб/м2;;;;;;;;;;;;;
3;Наценка за 10 этаж и выше – 20 руб/м2 за каждый этаж (14эт: 5*20 = 100 руб/м2);;;;;;;;;;;;;
4;Наценка за 15 этаж и выше – 30 руб/м2 за каждый этаж (23эт. +370 руб/м2: 10-14 эт +100 руб/м2 + 9*30=270 руб/м2);;;;;;;;;;;;;
5;Противоморозная добавка (от -5С и выше) – 10 руб/см;;;;;;;;;;;;;
6;Пленка в 2 слоя – 40 руб/м2;;;;;;;;;;;;;
7;Обмотка шланга плёнкой – 500 руб. за 1 этаж;;;;;;;;;;;;;
8;Песок (трамбовка) – 200 руб/м2;;;;;;;;;;;;;
9;Железнение - 500 руб/м2;;;;;;;;;;;;;
;Если большая толщина стяжки, можно уменьшить стоимость стяжки за счет добавления слоя песка ;;;;;;;;Материал;;;Работа;;
10;Песок – 5см песка (работа+материал) = 5см*60р. = 300 руб.;;;;;;;;40 руб/см;;;20 руб/см;;
11;Металлическая сетка 100*100*3мм;;;;;;;;180 руб./м2;;;120 руб./м2;;
12;Шумоизоляция Изоком 5мм (22-24дБ);;;;;;;;130 руб./м2;;;100 руб./м2;;
13;Шумоизоляция Экструдированный пенополистирол 20мм (23дБ);;;;;;;;600 руб./м2;;;200 руб./м2;;
14;Шумоизоляция Шуманет комби 5мм (24-26дБ);;;;;;;;750 руб./м2;;;450 руб./м2;;
15;Шумоизоляция Шуманет гидро 5мм (24-26дБ);;;;;;;;850 руб/м2;;;550 руб/м2;;
16;Керамзит (фракция 10-20 мм) без проливки цементно-песчаным молочком за 1см (5см-750р., 7см- 1050р.);;;;;;;;80 руб./м2;;;70 руб./м2;;
17;Проливка поверхности керамзита цементно-песчаным молочком за 1м2 проливки без стоимости керамзита ;;;;;;;;350 руб./м2;;;150 руб./м2;;
18;Наценка за подъём оборудования для стяжки на этаж в случае отсутствия/поломки лифта - 1000 руб. за каждый этаж (для многоквартирных домов);;;;;;;;;;;;;
19;Наценка за подъём керамзита на этаж в случае отсутствия/поломки лифта - 1000 руб./куб за этаж (для многоквартирных домов);;;;;;;;;;;;;
20;Наценка за подъём металлической сетки на этаж в случае отсутствия/поломки лифта - 10 руб./м2 за этаж (для многоквартирных домов);;;;;;;;;;;;;
Примечание: при засыпке керамзита без проливки цементно-песчаным молочком считаем дополнительно пленку;;;;;;;;;;;;;;
Оплата по безналичному расчету: с НДС +22%, без НДС +10%;;;;;;;;;;;;;;
